{
    "camera": {
        "fov": 50,
        "position": [
            1.4369511604309082,
            0.17480389773845673,
            0.4672757089138031
        ],
        "target": [
            0.07227551157524914,
            0.19631611961628223,
            -0.1577916999603135
        ]
    },
    "background": {
        "color": [
            1,
            1,
            1
        ]
    }
}